{
    "root_group": {
        "groups": {},
        "checks": {
                "homepage": {
                    "passes": 411,
                    "fails": 6,
                    "name": "homepage",
                    "path": "::homepage",
                    "id": "61c83b051afd1bd67695cb04ad2349af"
                },
                "category": {
                    "name": "category",
                    "path": "::category",
                    "id": "ce243eda92d35a346081c88d56307946",
                    "passes": 323,
                    "fails": 94
                },
                "product": {
                    "name": "product",
                    "path": "::product",
                    "id": "277d13b93df72bffa2fed394ebaf156d",
                    "passes": 356,
                    "fails": 61
                }
            },
        "name": "",
        "path": "",
        "id": "d41d8cd98f00b204e9800998ecf8427e"
    },
    "metrics": {
        "http_req_duration": {
            "p(90)": 8256.581889,
            "p(95)": 19216.117855,
            "avg": 3906.292917978411,
            "min": 14.953147,
            "med": 2238.6103,
            "max": 32310.80743
        },
        "iterations": {
            "count": 417,
            "rate": 3.3359699868918464
        },
        "http_req_failed": {
            "passes": 161,
            "fails": 1090,
            "value": 0.1286970423661071
        },
        "data_received": {
            "count": 74419721,
            "rate": 595352.4117238965
        },
        "iteration_duration": {
            "avg": 14727.877800992817,
            "min": 3428.277124,
            "med": 10627.679044,
            "max": 52363.663868,
            "p(90)": 40661.178139,
            "p(95)": 50844.6508906
        },
        "vus_max": {
            "value": 50,
            "min": 50,
            "max": 50
        },
        "http_req_connecting": {
            "avg": 1.5699243804956033,
            "min": 0,
            "med": 0,
            "max": 70.914921,
            "p(90)": 0,
            "p(95)": 0
        },
        "http_reqs": {
            "count": 1251,
            "rate": 10.007909960675539
        },
        "http_req_blocked": {
            "max": 72.940018,
            "p(90)": 0.022309,
            "p(95)": 0.38927350000000005,
            "avg": 1.6159200951239008,
            "min": 0.003799,
            "med": 0.010745
        },
        "http_req_tls_handshaking": {
            "avg": 0,
            "min": 0,
            "med": 0,
            "max": 0,
            "p(90)": 0,
            "p(95)": 0
        },
        "checks": {
            "passes": 1090,
            "fails": 161,
            "value": 0.8713029576338929
        },
        "http_req_sending": {
            "min": 0.011178,
            "med": 0.034836,
            "max": 21.702185,
            "p(90)": 0.070463,
            "p(95)": 0.31884500000000005,
            "avg": 0.2330515555555559
        },
        "http_req_waiting": {
            "min": 14.811584,
            "med": 1743.267431,
            "max": 31220.803238,
            "p(90)": 7558.656026,
            "p(95)": 18904.8426225,
            "avg": 3545.927766801758
        },
        "http_req_receiving": {
            "avg": 360.1320996211034,
            "min": 0.070279,
            "med": 169.346028,
            "max": 2553.976204,
            "p(90)": 1028.216644,
            "p(95)": 1205.0922525
        },
        "data_sent": {
            "count": 139621,
            "rate": 1116.9579509348357
        },
        "vus": {
            "max": 50,
            "value": 3,
            "min": 3
        },
        "http_req_duration{expected_response:true}": {
            "avg": 4283.265655468806,
            "min": 39.927669,
            "med": 2805.6008135,
            "max": 32310.80743,
            "p(90)": 8528.9217601,
            "p(95)": 19361.239603949998
        }
    }
}