{
    "root_group": {
        "checks": {
            "homepage": {
                "name": "homepage",
                "path": "::homepage",
                "id": "61c83b051afd1bd67695cb04ad2349af",
                "passes": 339,
                "fails": 49
            },
            "category": {
                "name": "category",
                "path": "::category",
                "id": "ce243eda92d35a346081c88d56307946",
                "passes": 313,
                "fails": 75
            },
            "product": {
                "name": "product",
                "path": "::product",
                "id": "277d13b93df72bffa2fed394ebaf156d",
                "passes": 339,
                "fails": 49
            }
        },
        "name": "",
        "path": "",
        "id": "d41d8cd98f00b204e9800998ecf8427e",
        "groups": {}
    },
    "metrics": {
        "data_received": {
            "count": 72166972,
            "rate": 571506.8580911072
        },
        "vus": {
            "max": 50,
            "value": 1,
            "min": 1
        },
        "http_req_connecting": {
            "avg": 0.451729689862543,
            "min": 0,
            "med": 0,
            "max": 21.411721,
            "p(90)": 0,
            "p(95)": 0.2871065999999984
        },
        "http_req_duration": {
            "min": 14.993691,
            "med": 2525.5252,
            "max": 32556.387994,
            "p(90)": 8092.731544000002,
            "p(95)": 12945.1229651,
            "avg": 4305.506357375416
        },
        "http_req_sending": {
            "avg": 0.22224754810996544,
            "min": 0.011254,
            "med": 0.036813,
            "max": 22.74204,
            "p(90)": 0.09465150000000001,
            "p(95)": 0.28611339999999985
        },
        "http_req_failed": {
            "passes": 173,
            "fails": 991,
            "value": 0.1486254295532646
        },
        "checks": {
            "passes": 991,
            "fails": 173,
            "value": 0.8513745704467354
        },
        "iterations": {
            "count": 388,
            "rate": 3.072661285267028
        },
        "http_req_blocked": {
            "max": 48.988097,
            "p(90)": 0.03644650000000004,
            "p(95)": 0.47227904999999776,
            "avg": 0.5661000841924417,
            "min": 0.00332,
            "med": 0.011819
        },
        "http_req_duration{expected_response:true}": {
            "avg": 4347.871043426835,
            "min": 66.340971,
            "med": 2742.151072,
            "max": 32556.387994,
            "p(90)": 6653.716159,
            "p(95)": 21194.8581745
        },
        "http_req_waiting": {
            "p(90)": 7674.1764215,
            "p(95)": 12926.939722799998,
            "avg": 3923.8699534699304,
            "min": 14.854477,
            "med": 1747.0917534999999,
            "max": 31617.868958
        },
        "vus_max": {
            "value": 50,
            "min": 50,
            "max": 50
        },
        "http_reqs": {
            "count": 1164,
            "rate": 9.217983855801084
        },
        "http_req_tls_handshaking": {
            "p(90)": 0,
            "p(95)": 0,
            "avg": 0,
            "min": 0,
            "med": 0,
            "max": 0
        },
        "http_req_receiving": {
            "med": 162.1015585,
            "max": 2352.712914,
            "p(90)": 1129.5477372,
            "p(95)": 1343.1461256499997,
            "avg": 381.4141563573882,
            "min": 0.064858
        },
        "iteration_duration": {
            "min": 3745.201763,
            "med": 10877.527796999999,
            "max": 57684.028202,
            "p(90)": 51099.005873400034,
            "p(95)": 55711.75553805,
            "avg": 15922.299892046409
        },
        "data_sent": {
            "rate": 1028.7871844562876,
            "count": 129910
        }
    }
}