{
    "metrics": {
        "http_req_blocked": {
            "max": 46.528699,
            "p(90)": 0.0175395,
            "p(95)": 0.02764975,
            "avg": 0.49573822694334846,
            "min": 0.003252,
            "med": 0.008546999999999999
        },
        "http_req_connecting": {
            "p(90)": 0,
            "p(95)": 0,
            "avg": 0.4500833089591568,
            "min": 0,
            "med": 0,
            "max": 46.469207
        },
        "vus_max": {
            "min": 50,
            "max": 50,
            "value": 50
        },
        "iteration_duration": {
            "avg": 12108.245160618582,
            "min": 3342.910366,
            "med": 7558.382455999999,
            "max": 58569.022568,
            "p(90)": 13484.210099,
            "p(95)": 58370.57761875
        },
        "http_req_duration{expected_response:true}": {
            "med": 37.969669999999994,
            "max": 35117.912918,
            "p(90)": 3370.7139541000006,
            "p(95)": 5379.541446899997,
            "avg": 1332.338508708668,
            "min": 0.612265
        },
        "http_req_sending": {
            "min": 0.010776,
            "med": 0.031602500000000006,
            "max": 27.645086,
            "p(90)": 0.0661715,
            "p(95)": 0.09696725,
            "avg": 0.09044171212121221
        },
        "http_req_receiving": {
            "p(90)": 211.01921750000002,
            "p(95)": 465.74245075,
            "avg": 89.7193957378128,
            "min": 0.018107,
            "med": 0.091628,
            "max": 2859.036736
        },
        "iterations": {
            "count": 506,
            "rate": 4.060297010751854
        },
        "http_reqs": {
            "count": 3036,
            "rate": 24.36178206451112
        },
        "http_req_tls_handshaking": {
            "p(90)": 0,
            "p(95)": 0,
            "avg": 0,
            "min": 0,
            "med": 0,
            "max": 0
        },
        "data_received": {
            "count": 45501734,
            "rate": 365119.67301230435
        },
        "http_req_failed": {
            "fails": 2952,
            "passes": 84,
            "value": 0.02766798418972332
        },
        "http_req_waiting": {
            "max": 41615.636766,
            "p(90)": 3169.529262,
            "p(95)": 5311.27619525,
            "avg": 1426.961002431489,
            "min": 0.559677,
            "med": 41.679615
        },
        "http_req_duration": {
            "p(90)": 3503.6053540000003,
            "p(95)": 5846.21007675,
            "avg": 1516.7708398814164,
            "min": 0.612265,
            "med": 42.0197005,
            "max": 41616.424248
        },
        "checks": {
            "passes": 1434,
            "fails": 84,
            "value": 0.9446640316205533
        },
        "data_sent": {
            "count": 521216,
            "rate": 4182.39479596055
        },
        "vus": {
            "min": 15,
            "max": 50,
            "value": 15
        }
    },
    "root_group": {
        "name": "",
        "path": "",
        "id": "d41d8cd98f00b204e9800998ecf8427e",
        "groups": {},
        "checks": {
                "homepage": {
                    "name": "homepage",
                    "path": "::homepage",
                    "id": "61c83b051afd1bd67695cb04ad2349af",
                    "passes": 495,
                    "fails": 11
                },
                "product": {
                    "name": "product",
                    "path": "::product",
                    "id": "277d13b93df72bffa2fed394ebaf156d",
                    "passes": 433,
                    "fails": 73
                },
                "add to cart": {
                    "name": "add to cart",
                    "path": "::add to cart",
                    "id": "2d37542368a4aab15aeddb289d87bac9",
                    "passes": 506,
                    "fails": 0
                }
            }
    }
}