{
    "root_group": {
        "name": "",
        "path": "",
        "id": "d41d8cd98f00b204e9800998ecf8427e",
        "groups": {},
        "checks": {
                "homepage": {
                    "passes": 439,
                    "fails": 0,
                    "name": "homepage",
                    "path": "::homepage",
                    "id": "61c83b051afd1bd67695cb04ad2349af"
                },
                "category": {
                    "name": "category",
                    "path": "::category",
                    "id": "ce243eda92d35a346081c88d56307946",
                    "passes": 260,
                    "fails": 68
                },
                "product": {
                    "fails": 58,
                    "name": "product",
                    "path": "::product",
                    "id": "277d13b93df72bffa2fed394ebaf156d",
                    "passes": 381
                }
            }
    },
    "metrics": {
        "http_req_blocked": {
            "avg": 0.7910334464153712,
            "min": 0.004028,
            "med": 0.01019,
            "max": 40.629301,
            "p(90)": 0.024568799999999995,
            "p(95)": 0.13668459999999838
        },
        "http_reqs": {
            "count": 1353,
            "rate": 10.846746145488652
        },
        "checks": {
            "passes": 1080,
            "fails": 126,
            "value": 0.8955223880597015
        },
        "data_received": {
            "rate": 594998.460231071,
            "count": 74218840
        },
        "http_req_sending": {
            "min": 0.010271,
            "med": 0.033695,
            "max": 80.253749,
            "p(90)": 0.06778879999999998,
            "p(95)": 0.2349649999999993,
            "avg": 0.24703859349593496
        },
        "data_sent": {
            "count": 163615,
            "rate": 1311.6706360636554
        },
        "http_req_duration": {
            "avg": 3874.0448919600917,
            "min": 1.075658,
            "med": 2139.420054,
            "max": 34716.04371,
            "p(90)": 7767.706110599998,
            "p(95)": 22607.050797199998
        },
        "http_req_receiving": {
            "min": 0.038536,
            "med": 133.939988,
            "max": 2562.569657,
            "p(90)": 879.1174476,
            "p(95)": 1164.4278689999987,
            "avg": 316.8639763488547
        },
        "http_req_failed": {
            "passes": 126,
            "fails": 1227,
            "value": 0.09312638580931264
        },
        "iterations": {
            "count": 439,
            "rate": 3.5193803088466504
        },
        "vus": {
            "max": 50,
            "value": 6,
            "min": 6
        },
        "http_req_waiting": {
            "min": 0.842529,
            "med": 1713.613651,
            "max": 33987.155367,
            "p(90)": 7202.3374612,
            "p(95)": 22473.230608,
            "avg": 3556.933877017732
        },
        "http_req_tls_handshaking": {
            "avg": 0,
            "min": 0,
            "med": 0,
            "max": 0,
            "p(90)": 0,
            "p(95)": 0
        },
        "http_req_duration{expected_response:true}": {
            "med": 2419.281434,
            "max": 34716.04371,
            "p(90)": 7276.6325918,
            "p(95)": 22651.080281000002,
            "avg": 3944.9102390594976,
            "min": 1.075658
        },
        "http_req_connecting": {
            "p(95)": 0,
            "avg": 0.7225996444937176,
            "min": 0,
            "med": 0,
            "max": 26.565791,
            "p(90)": 0
        },
        "iteration_duration": {
            "med": 9408.775147,
            "max": 60421.317039,
            "p(90)": 39196.3551516,
            "p(95)": 57631.991860199996,
            "avg": 13945.987051341688,
            "min": 2703.746908
        },
        "vus_max": {
            "min": 50,
            "max": 50,
            "value": 50
        }
    }
}