{
    "metrics": {
        "http_req_failed": {
            "passes": 51,
            "fails": 2961,
            "value": 0.01693227091633466
        },
        "http_req_sending": {
            "p(90)": 0.06434450000000003,
            "p(95)": 0.08160169999999992,
            "avg": 0.06423807536520583,
            "min": 0.009893,
            "med": 0.031673,
            "max": 5.444893
        },
        "http_req_duration": {
            "max": 32451.314366,
            "p(90)": 4704.558108900002,
            "p(95)": 6625.567456099999,
            "avg": 1556.1406288917624,
            "min": 0.645941,
            "med": 53.227599999999995
        },
        "http_req_duration{expected_response:true}": {
            "max": 32451.314366,
            "p(90)": 4706.476304,
            "p(95)": 6554.077056,
            "avg": 1533.1249009422493,
            "min": 0.645941,
            "med": 49.094587
        },
        "data_received": {
            "rate": 408255.98376165034,
            "count": 51465402
        },
        "http_reqs": {
            "count": 3012,
            "rate": 23.893081085621187
        },
        "data_sent": {
            "count": 517177,
            "rate": 4102.573704056543
        },
        "iterations": {
            "count": 502,
            "rate": 3.982180180936864
        },
        "http_req_blocked": {
            "avg": 0.3288859203187249,
            "min": 0.003267,
            "med": 0.0087865,
            "max": 35.541651,
            "p(90)": 0.017450500000000004,
            "p(95)": 0.028251149999999992
        },
        "http_req_waiting": {
            "p(90)": 4336.9154286,
            "p(95)": 6033.111309849998,
            "avg": 1428.642127864876,
            "min": 0.601015,
            "med": 53.1225135,
            "max": 28681.326907
        },
        "iteration_duration": {
            "avg": 12343.401490013937,
            "min": 3485.246966,
            "med": 8646.741569000002,
            "max": 48806.889333,
            "p(90)": 14315.155374500011,
            "p(95)": 48573.7454657
        },
        "checks": {
            "passes": 1455,
            "fails": 51,
            "value": 0.9661354581673307
        },
        "vus_max": {
            "value": 50,
            "min": 50,
            "max": 50
        },
        "http_req_connecting": {
            "p(90)": 0,
            "p(95)": 0,
            "avg": 0.289211014940239,
            "min": 0,
            "med": 0,
            "max": 33.744917
        },
        "http_req_tls_handshaking": {
            "p(90)": 0,
            "p(95)": 0,
            "avg": 0,
            "min": 0,
            "med": 0,
            "max": 0
        },
        "http_req_receiving": {
            "min": 0.01955,
            "med": 0.095247,
            "max": 4221.536707,
            "p(90)": 293.1606353,
            "p(95)": 593.7059563499996,
            "avg": 127.43426295152685
        },
        "vus": {
            "max": 50,
            "value": 3,
            "min": 3
        }
    },
    "root_group": {
        "groups": {},
        "checks": {
                "homepage": {
                    "name": "homepage",
                    "path": "::homepage",
                    "id": "61c83b051afd1bd67695cb04ad2349af",
                    "passes": 502,
                    "fails": 0
                },
                "product": {
                    "id": "277d13b93df72bffa2fed394ebaf156d",
                    "passes": 451,
                    "fails": 51,
                    "name": "product",
                    "path": "::product"
                },
                "add to cart": {
                    "name": "add to cart",
                    "path": "::add to cart",
                    "id": "2d37542368a4aab15aeddb289d87bac9",
                    "passes": 502,
                    "fails": 0
                }
            },
        "name": "",
        "path": "",
        "id": "d41d8cd98f00b204e9800998ecf8427e"
    }
}