{
    "root_group": {
        "path": "",
        "id": "d41d8cd98f00b204e9800998ecf8427e",
        "groups": {},
        "checks": {
                "homepage": {
                    "name": "homepage",
                    "path": "::homepage",
                    "id": "61c83b051afd1bd67695cb04ad2349af",
                    "passes": 439,
                    "fails": 0
                },
                "category": {
                    "name": "category",
                    "path": "::category",
                    "id": "ce243eda92d35a346081c88d56307946",
                    "passes": 355,
                    "fails": 84
                },
                "product": {
                    "id": "277d13b93df72bffa2fed394ebaf156d",
                    "passes": 390,
                    "fails": 49,
                    "name": "product",
                    "path": "::product"
                }
            },
        "name": ""
    },
    "metrics": {
        "http_reqs": {
            "count": 1317,
            "rate": 10.612226452375982
        },
        "http_req_receiving": {
            "p(90)": 897.7599328000002,
            "p(95)": 1096.2024558,
            "avg": 319.10657754214117,
            "min": 0.065977,
            "med": 166.735615,
            "max": 2303.445633
        },
        "iteration_duration": {
            "max": 55518.428556,
            "p(90)": 40063.347006399985,
            "p(95)": 55372.9160731,
            "avg": 13938.196993562653,
            "min": 4000.507526,
            "med": 9129.255744
        },
        "http_req_connecting": {
            "p(95)": 0,
            "avg": 0.852709456340167,
            "min": 0,
            "med": 0,
            "max": 36.943703,
            "p(90)": 0
        },
        "vus": {
            "value": 9,
            "min": 9,
            "max": 50
        },
        "iterations": {
            "count": 439,
            "rate": 3.5374088174586604
        },
        "data_received": {
            "count": 80737132,
            "rate": 650570.0287770473
        },
        "http_req_sending": {
            "p(95)": 0.13214960000000017,
            "avg": 0.09877575854214135,
            "min": 0.010573,
            "med": 0.036569,
            "max": 6.270915,
            "p(90)": 0.06890960000000004
        },
        "vus_max": {
            "value": 50,
            "min": 50,
            "max": 50
        },
        "http_req_duration{expected_response:true}": {
            "avg": 3939.876553922305,
            "min": 39.772704,
            "med": 2115.3579314999997,
            "max": 24405.474883,
            "p(90)": 12217.668648300001,
            "p(95)": 17413.61401065
        },
        "checks": {
            "passes": 1184,
            "fails": 133,
            "value": 0.8990129081245254
        },
        "data_sent": {
            "count": 146996,
            "rate": 1184.4759602076383
        },
        "http_req_failed": {
            "passes": 133,
            "fails": 1184,
            "value": 0.10098709187547457
        },
        "http_req_blocked": {
            "p(95)": 0.052211800000000204,
            "avg": 0.8782820356871655,
            "min": 0.003708,
            "med": 0.011159,
            "max": 37.06205,
            "p(90)": 0.023566600000000004
        },
        "http_req_tls_handshaking": {
            "p(95)": 0,
            "avg": 0,
            "min": 0,
            "med": 0,
            "max": 0,
            "p(90)": 0
        },
        "http_req_duration": {
            "avg": 3643.8649597775325,
            "min": 8.187053,
            "med": 1883.357431,
            "max": 24405.474883,
            "p(90)": 12184.0500204,
            "p(95)": 17265.134653600002
        },
        "http_req_waiting": {
            "med": 1457.213751,
            "max": 23871.571228,
            "p(90)": 12121.0918258,
            "p(95)": 16826.6776562,
            "avg": 3324.6596064768382,
            "min": 7.983928
        }
    }
}