{
    "root_group": {
        "name": "",
        "path": "",
        "id": "d41d8cd98f00b204e9800998ecf8427e",
        "groups": {},
        "checks": {
                "homepage": {
                    "path": "::homepage",
                    "id": "61c83b051afd1bd67695cb04ad2349af",
                    "passes": 48,
                    "fails": 23,
                    "name": "homepage"
                },
                "product": {
                    "fails": 49,
                    "name": "product",
                    "path": "::product",
                    "id": "277d13b93df72bffa2fed394ebaf156d",
                    "passes": 0
                },
                "category": {
                    "name": "category",
                    "path": "::category",
                    "id": "ce243eda92d35a346081c88d56307946",
                    "passes": 0,
                    "fails": 33
                }
            }
    },
    "metrics": {
        "http_req_tls_handshaking": {
            "avg": 0,
            "min": 0,
            "med": 0,
            "max": 0,
            "p(90)": 0,
            "p(95)": 0
        },
        "vus": {
            "value": 33,
            "min": 33,
            "max": 50
        },
        "vus_max": {
            "value": 50,
            "min": 50,
            "max": 50
        },
        "http_req_waiting": {
            "p(95)": 60001.18687705,
            "avg": 31844.480541297748,
            "min": 2.195789,
            "med": 20256.562202,
            "max": 60017.153201,
            "p(90)": 60000.9640833
        },
        "http_req_connecting": {
            "p(90)": 46.2719048,
            "p(95)": 49.1267621,
            "avg": 11.069791657303375,
            "min": 0,
            "med": 0.11604600000000001,
            "max": 52.894562
        },
        "data_received": {
            "count": 434469,
            "rate": 2896.273069033206
        },
        "iterations": {
            "count": 49,
            "rate": 0.3266455843400268
        },
        "http_req_duration": {
            "avg": 31847.470537887635,
            "min": 2.37652,
            "med": 20267.589186999998,
            "max": 60017.177238,
            "p(90)": 60001.0656013,
            "p(95)": 60001.2478386
        },
        "http_req_receiving": {
            "avg": 0.21312155056179777,
            "min": 0,
            "med": 0.0796325,
            "max": 9.946272,
            "p(90)": 0.19910440000000001,
            "p(95)": 0.28121555000000004
        },
        "checks": {
            "passes": 48,
            "fails": 105,
            "value": 0.3137254901960784
        },
        "data_sent": {
            "count": 25486,
            "rate": 169.89570127530453
        },
        "http_req_duration{expected_response:true}": {
            "med": 18828.111729,
            "max": 21365.313322,
            "p(90)": 20808.8096534,
            "p(95)": 20866.2900972,
            "avg": 12831.02182161644,
            "min": 2.37652
        },
        "http_req_blocked": {
            "avg": 11.260297797752802,
            "min": 0.004348,
            "med": 0.21888649999999998,
            "max": 54.255494,
            "p(90)": 46.6843213,
            "p(95)": 49.334476050000006
        },
        "http_req_sending": {
            "p(90)": 15.577633100000053,
            "p(95)": 19.1346158,
            "avg": 2.776875039325844,
            "min": 0.014175,
            "med": 0.075906,
            "max": 19.819824
        },
        "http_reqs": {
            "count": 178,
            "rate": 1.1865900818882604
        },
        "iteration_duration": {
            "avg": 88357.40355742858,
            "min": 35611.162553,
            "med": 95727.441429,
            "max": 142942.236305,
            "p(90)": 142831.2389386,
            "p(95)": 142864.1861388
        },
        "http_req_failed": {
            "passes": 105,
            "fails": 73,
            "value": 0.5898876404494382
        }
    }
}