{
    "root_group": {
        "name": "",
        "path": "",
        "id": "d41d8cd98f00b204e9800998ecf8427e",
        "groups": {},
        "checks": {
                "homepage": {
                    "fails": 4,
                    "name": "homepage",
                    "path": "::homepage",
                    "id": "61c83b051afd1bd67695cb04ad2349af",
                    "passes": 377
                },
                "category": {
                    "id": "ce243eda92d35a346081c88d56307946",
                    "passes": 219,
                    "fails": 45,
                    "name": "category",
                    "path": "::category"
                },
                "product": {
                    "name": "product",
                    "path": "::product",
                    "id": "277d13b93df72bffa2fed394ebaf156d",
                    "passes": 327,
                    "fails": 54
                }
            }
    },
    "metrics": {
        "http_req_sending": {
            "avg": 0.41447806108786617,
            "min": 0.011128,
            "med": 0.034633,
            "max": 29.830912,
            "p(90)": 0.07668760000000002,
            "p(95)": 0.3906145999999979
        },
        "http_req_duration": {
            "p(90)": 7814.616960800014,
            "p(95)": 25138.861023999998,
            "avg": 4500.147793938904,
            "min": 1.36256,
            "med": 2017.450062,
            "max": 43823.273238
        },
        "http_req_blocked": {
            "min": 0.00386,
            "med": 0.009958,
            "max": 69.796551,
            "p(90)": 0.024319800000000065,
            "p(95)": 0.09100019999999977,
            "avg": 1.6243005991631827
        },
        "http_req_failed": {
            "fails": 1092,
            "passes": 103,
            "value": 0.08619246861924686
        },
        "iterations": {
            "count": 381,
            "rate": 3.037068568019308
        },
        "vus_max": {
            "value": 50,
            "min": 50,
            "max": 50
        },
        "http_req_connecting": {
            "max": 60.504926,
            "p(90)": 0,
            "p(95)": 0,
            "avg": 1.5248159129707113,
            "min": 0,
            "med": 0
        },
        "http_req_receiving": {
            "avg": 336.32075093723796,
            "min": 0.037936,
            "med": 101.321871,
            "max": 3378.558816,
            "p(90)": 1001.015799800002,
            "p(95)": 1294.7757382
        },
        "vus": {
            "value": 9,
            "min": 9,
            "max": 50
        },
        "http_req_duration{expected_response:true}": {
            "avg": 4498.218014948721,
            "min": 1.36256,
            "med": 2406.7919105,
            "max": 39182.6152,
            "p(90)": 7646.5636928999975,
            "p(95)": 24999.63440835
        },
        "http_req_tls_handshaking": {
            "avg": 0,
            "min": 0,
            "med": 0,
            "max": 0,
            "p(90)": 0,
            "p(95)": 0
        },
        "data_sent": {
            "count": 147958,
            "rate": 1179.4188745065637
        },
        "http_req_waiting": {
            "med": 1713.30118,
            "max": 43798.392019,
            "p(90)": 7065.3425518,
            "p(95)": 25135.277495199996,
            "avg": 4163.412564940586,
            "min": 1.269299
        },
        "checks": {
            "passes": 923,
            "fails": 103,
            "value": 0.8996101364522417
        },
        "iteration_duration": {
            "avg": 16123.106158409455,
            "min": 3218.242819,
            "med": 10191.643252,
            "max": 64952.654264,
            "p(90)": 54987.234374,
            "p(95)": 61955.326738
        },
        "data_received": {
            "rate": 499994.26435651135,
            "count": 62724239
        },
        "http_reqs": {
            "count": 1195,
            "rate": 9.525713750086807
        }
    }
}