{
    "metrics": {
        "http_req_receiving": {
            "avg": 37.40699285227272,
            "min": 0.077345,
            "med": 0.38185650000000004,
            "max": 895.841997,
            "p(90)": 146.45255619999998,
            "p(95)": 195.90432109999966
        },
        "vus": {
            "min": 50,
            "max": 50,
            "value": 50
        },
        "http_req_duration": {
            "min": 1062.579499,
            "med": 15914.9451425,
            "max": 24110.033013,
            "p(90)": 23044.401758800002,
            "p(95)": 23407.81419015,
            "avg": 12594.58554876136
        },
        "http_req_duration{expected_response:true}": {
            "med": 15914.9451425,
            "max": 24110.033013,
            "p(90)": 23044.401758800002,
            "p(95)": 23407.81419015,
            "avg": 12594.58554876136,
            "min": 1062.579499
        },
        "data_received": {
            "count": 710112,
            "rate": 28462.301771727045
        },
        "http_req_connecting": {
            "p(95)": 12.38047795,
            "avg": 3.631522,
            "min": 0,
            "med": 0.252851,
            "max": 13.158423,
            "p(90)": 11.956076399999999
        },
        "http_req_waiting": {
            "p(90)": 23025.567996499998,
            "p(95)": 23258.54964655,
            "avg": 12556.975613420456,
            "min": 898.024506,
            "med": 15914.446257,
            "max": 24109.498895
        },
        "data_sent": {
            "count": 13938,
            "rate": 558.6549193568501
        },
        "http_req_blocked": {
            "avg": 5.088642159090909,
            "min": 0.004505,
            "med": 0.32604900000000003,
            "max": 35.532244,
            "p(90)": 13.354117999999993,
            "p(95)": 15.681993049999996
        },
        "http_reqs": {
            "rate": 3.5271655117952943,
            "count": 88
        },
        "http_req_tls_handshaking": {
            "p(90)": 0,
            "p(95)": 0,
            "avg": 0,
            "min": 0,
            "med": 0,
            "max": 0
        },
        "iterations": {
            "count": 88,
            "rate": 3.5271655117952943
        },
        "iteration_duration": {
            "med": 16016.810067,
            "max": 24122.337164,
            "p(90)": 23142.951155799998,
            "p(95)": 23501.0650629,
            "avg": 12643.969971761358,
            "min": 1062.895689
        },
        "http_req_failed": {
            "passes": 0,
            "fails": 88,
            "value": 0
        },
        "vus_max": {
            "min": 50,
            "max": 50,
            "value": 50
        },
        "http_req_sending": {
            "p(90)": 0.5014498,
            "p(95)": 0.6118998499999998,
            "avg": 0.20294248863636372,
            "min": 0.012924,
            "med": 0.095449,
            "max": 0.701234
        }
    },
    "root_group": {
        "groups": {},
        "checks": {},
        "name": "",
        "path": "",
        "id": "d41d8cd98f00b204e9800998ecf8427e"
    }
}