{
    "root_group": {
        "name": "",
        "path": "",
        "id": "d41d8cd98f00b204e9800998ecf8427e",
        "groups": {},
        "checks": {
                "homepage": {
                    "name": "homepage",
                    "path": "::homepage",
                    "id": "61c83b051afd1bd67695cb04ad2349af",
                    "passes": 402,
                    "fails": 0
                },
                "product": {
                    "name": "product",
                    "path": "::product",
                    "id": "277d13b93df72bffa2fed394ebaf156d",
                    "passes": 310,
                    "fails": 92
                },
                "add to cart": {
                    "name": "add to cart",
                    "path": "::add to cart",
                    "id": "2d37542368a4aab15aeddb289d87bac9",
                    "passes": 402,
                    "fails": 0
                }
            }
    },
    "metrics": {
        "http_req_sending": {
            "avg": 0.14912203772802693,
            "min": 0.010695,
            "med": 0.0320715,
            "max": 21.065416,
            "p(90)": 0.06824090000000001,
            "p(95)": 0.12212499999999951
        },
        "http_reqs": {
            "rate": 19.206340004961994,
            "count": 2412
        },
        "http_req_connecting": {
            "med": 0,
            "max": 56.057078,
            "p(90)": 0,
            "p(95)": 0,
            "avg": 0.6954098528192374,
            "min": 0
        },
        "http_req_tls_handshaking": {
            "p(95)": 0,
            "avg": 0,
            "min": 0,
            "med": 0,
            "max": 0,
            "p(90)": 0
        },
        "http_req_receiving": {
            "max": 2590.466625,
            "p(90)": 294.80225160000043,
            "p(95)": 581.6931621999998,
            "avg": 88.41893078067986,
            "min": 0.016712,
            "med": 0.09424850000000001
        },
        "http_req_waiting": {
            "p(90)": 5654.746365200001,
            "p(95)": 8994.525836899993,
            "avg": 1965.2055909378103,
            "min": 0.627367,
            "med": 57.3044615,
            "max": 41546.661024
        },
        "http_req_failed": {
            "passes": 92,
            "fails": 2320,
            "value": 0.03814262023217247
        },
        "vus_max": {
            "value": 50,
            "min": 50,
            "max": 50
        },
        "checks": {
            "passes": 1114,
            "fails": 92,
            "value": 0.9237147595356551
        },
        "http_req_blocked": {
            "p(90)": 0.018939800000000003,
            "p(95)": 0.0381586499999999,
            "avg": 0.7750713963515763,
            "min": 0.00317,
            "med": 0.008751499999999999,
            "max": 58.21613
        },
        "http_req_duration{expected_response:true}": {
            "med": 50.543383000000006,
            "max": 39554.720642,
            "p(90)": 5384.367576299996,
            "p(95)": 7983.818820599989,
            "avg": 1690.506790194396,
            "min": 0.679989
        },
        "data_sent": {
            "count": 414077,
            "rate": 3297.223735586504
        },
        "iterations": {
            "count": 402,
            "rate": 3.2010566674936656
        },
        "vus": {
            "value": 11,
            "min": 11,
            "max": 50
        },
        "http_req_duration": {
            "med": 57.42286,
            "max": 41546.999443,
            "p(90)": 6210.394230000002,
            "p(95)": 10201.497381849998,
            "avg": 2053.7736437562326,
            "min": 0.679989
        },
        "data_received": {
            "count": 31428197,
            "rate": 250257.31232376723
        },
        "iteration_duration": {
            "p(90)": 50844.736893,
            "p(95)": 51026.8250776,
            "avg": 15332.987291504975,
            "min": 3655.113468,
            "med": 10234.991847500001,
            "max": 67639.147142
        }
    }
}